0 , 1
1 , 2
2 , 3
3 , 4
4 , 5
5 , 0
6 , 7
7 , 8
8 , 9
9 , 10
10 , 11
11 , 6
12 , 13
13 , 14
14 , 15
15 , 16
16 , 17
17 , 12
18 , 19
19 , 20
20 , 21
21 , 22
22 , 23
23 , 18
24 , 25
25 , 26
26 , 27
27 , 28
28 , 29
29 , 24
30 , 31
31 , 32
32 , 33
33 , 34
34 , 35
35 , 30
36 , 37
37 , 38
38 , 39
39 , 40
40 , 36
41 , 42
42 , 43
43 , 44
44 , 45
45 , 46
46 , 41
47 , 48
48 , 49
49 , 50
50 , 51
51 , 47
52 , 53
53 , 54
54 , 55
55 , 52
56 , 57
57 , 58
58 , 59
59 , 60
60 , 61
61 , 56
62 , 63
63 , 64
64 , 65
65 , 66
66 , 67
67 , 62
68 , 69
69 , 70
70 , 71
71 , 72
72 , 73
73 , 68
74 , 75
75 , 76
76 , 77
77 , 78
78 , 79
79 , 74
80 , 81
81 , 82
82 , 83
83 , 84
84 , 85
85 , 80
86 , 87
87 , 88
88 , 89
89 , 90
90 , 91
91 , 86
92 , 93
93 , 94
94 , 95
95 , 92
96 , 97
97 , 98
98 , 99
99 , 100
100 , 101
101 , 96
102 , 103
103 , 104
104 , 105
105 , 106
106 , 107
107 , 102
108 , 109
109 , 110
110 , 111
111 , 112
112 , 113
113 , 108
114 , 115
115 , 116
116 , 117
117 , 118
118 , 119
119 , 114
120 , 121
121 , 122
122 , 123
123 , 124
124 , 125
125 , 120
126 , 127
127 , 128
128 , 129
129 , 130
130 , 131
131 , 126
132 , 133
133 , 134
134 , 135
135 , 136
136 , 137
137 , 132
138 , 139
139 , 140
140 , 141
141 , 142
142 , 143
143 , 138
144 , 145
145 , 146
146 , 147
147 , 148
148 , 149
149 , 144
150 , 151
151 , 152
152 , 153
153 , 154
154 , 155
155 , 150
156 , 157
157 , 158
158 , 159
159 , 160
160 , 161
161 , 156
162 , 163
163 , 164
164 , 165
165 , 166
166 , 162
167 , 168
168 , 169
169 , 170
170 , 171
171 , 172
172 , 167
173 , 174
174 , 175
175 , 176
176 , 177
177 , 178
178 , 173
179 , 180
180 , 181
181 , 182
182 , 183
183 , 184
184 , 179
185 , 186
186 , 187
187 , 188
188 , 189
189 , 190
190 , 185
191 , 192
192 , 193
193 , 194
194 , 195
195 , 196
196 , 191
197 , 198
198 , 199
199 , 200
200 , 201
201 , 197
202 , 203
203 , 204
204 , 205
205 , 206
206 , 207
207 , 202
208 , 209
209 , 210
210 , 211
211 , 212
212 , 213
213 , 208
214 , 215
215 , 216
216 , 217
217 , 218
218 , 219
219 , 214
220 , 221
221 , 222
222 , 223
223 , 224
224 , 225
225 , 220
226 , 227
227 , 228
228 , 229
229 , 230
230 , 231
231 , 226
232 , 233
233 , 234
234 , 235
235 , 236
236 , 237
237 , 232
238 , 239
239 , 240
240 , 241
241 , 242
242 , 243
243 , 238
244 , 245
245 , 246
246 , 247
247 , 248
248 , 249
249 , 244
250 , 251
251 , 252
252 , 253
253 , 250
254 , 255
255 , 256
256 , 257
257 , 258
258 , 259
259 , 254
260 , 261
261 , 262
262 , 263
263 , 264
264 , 265
265 , 260
266 , 267
267 , 268
268 , 269
269 , 270
270 , 271
271 , 266
272 , 273
273 , 274
274 , 275
275 , 276
276 , 272
277 , 278
278 , 279
279 , 280
280 , 281
281 , 282
282 , 277
283 , 284
284 , 285
285 , 286
286 , 287
287 , 283
288 , 289
289 , 290
290 , 291
291 , 292
292 , 293
293 , 288
294 , 295
295 , 296
296 , 297
297 , 294
298 , 299
299 , 300
300 , 301
301 , 302
302 , 303
303 , 298
304 , 305
305 , 306
306 , 307
307 , 308
308 , 309
309 , 304
310 , 311
311 , 312
312 , 313
313 , 314
314 , 315
315 , 310
316 , 317
317 , 318
318 , 319
319 , 316
320 , 321
321 , 322
322 , 323
323 , 324
324 , 325
325 , 320
326 , 327
327 , 328
328 , 329
329 , 330
330 , 331
331 , 326
332 , 333
333 , 334
334 , 335
335 , 336
336 , 337
337 , 332
338 , 339
339 , 340
340 , 341
341 , 342
342 , 343
343 , 338
344 , 345
345 , 346
346 , 347
347 , 348
348 , 349
349 , 344
350 , 351
351 , 352
352 , 353
353 , 354
354 , 350
355 , 356
356 , 357
357 , 358
358 , 359
359 , 360
360 , 355
361 , 362
362 , 363
363 , 364
364 , 365
365 , 366
366 , 361
367 , 368
368 , 369
369 , 370
370 , 371
371 , 372
372 , 367
373 , 374
374 , 375
375 , 376
376 , 377
377 , 378
378 , 379
379 , 373
380 , 381
381 , 382
382 , 383
383 , 384
384 , 385
385 , 380
386 , 387
387 , 388
388 , 389
389 , 390
390 , 391
391 , 386
392 , 393
393 , 394
394 , 395
395 , 396
396 , 397
397 , 392
398 , 399
399 , 400
400 , 401
401 , 402
402 , 403
403 , 398
404 , 405
405 , 406
406 , 407
407 , 408
408 , 409
409 , 404
410 , 411
411 , 412
412 , 413
413 , 414
414 , 415
415 , 410
416 , 417
417 , 418
418 , 419
419 , 420
420 , 416
421 , 422
422 , 423
423 , 424
424 , 425
425 , 426
426 , 421
427 , 428
428 , 429
429 , 430
430 , 431
431 , 432
432 , 427
433 , 434
434 , 435
435 , 436
436 , 437
437 , 438
438 , 433
439 , 440
440 , 441
441 , 442
442 , 443
443 , 444
444 , 439
445 , 446
446 , 447
447 , 448
448 , 449
449 , 450
450 , 445
451 , 452
452 , 453
453 , 454
454 , 455
455 , 456
456 , 451
457 , 458
458 , 459
459 , 460
460 , 461
461 , 462
462 , 457
463 , 464
464 , 465
465 , 466
466 , 467
467 , 468
468 , 463
469 , 470
470 , 471
471 , 472
472 , 473
473 , 474
474 , 469
475 , 476
476 , 477
477 , 478
478 , 479
479 , 480
480 , 475
481 , 482
482 , 483
483 , 484
484 , 485
485 , 486
486 , 481
487 , 488
488 , 489
489 , 490
490 , 491
491 , 492
492 , 487
493 , 494
494 , 495
495 , 496
496 , 497
497 , 493
498 , 499
499 , 500
500 , 501
501 , 502
502 , 498
503 , 504
504 , 505
505 , 506
506 , 507
507 , 508
508 , 503
509 , 510
510 , 511
511 , 512
512 , 513
513 , 514
514 , 509
515 , 516
516 , 517
517 , 518
518 , 519
519 , 520
520 , 515
521 , 522
522 , 523
523 , 524
524 , 525
525 , 526
526 , 521
527 , 528
528 , 529
529 , 530
530 , 531
531 , 532
532 , 527
533 , 534
534 , 535
535 , 536
536 , 537
537 , 538
538 , 533
539 , 540
540 , 541
541 , 542
542 , 543
543 , 544
544 , 539
545 , 546
546 , 547
547 , 548
548 , 549
549 , 550
550 , 545
551 , 552
552 , 553
553 , 554
554 , 555
555 , 556
556 , 551
557 , 558
558 , 559
559 , 560
560 , 561
561 , 562
562 , 557
563 , 564
564 , 565
565 , 566
566 , 567
567 , 568
568 , 563
569 , 570
570 , 571
571 , 572
572 , 573
573 , 574
574 , 569
575 , 576
576 , 577
577 , 578
578 , 579
579 , 580
580 , 575
581 , 582
582 , 583
583 , 584
584 , 585
585 , 586
586 , 581
587 , 588
588 , 589
589 , 590
590 , 591
591 , 592
592 , 593
593 , 587
594 , 595
595 , 596
596 , 597
597 , 598
598 , 599
599 , 594
600 , 601
601 , 602
602 , 603
603 , 604
604 , 605
605 , 600
606 , 607
607 , 608
608 , 609
609 , 610
610 , 611
611 , 606
612 , 613
613 , 614
614 , 615
615 , 616
616 , 617
617 , 612
618 , 619
619 , 620
620 , 621
621 , 622
622 , 623
623 , 618
624 , 625
625 , 626
626 , 627
627 , 628
628 , 629
629 , 624
630 , 631
631 , 632
632 , 633
633 , 634
634 , 635
635 , 630
636 , 637
637 , 638
638 , 639
639 , 640
640 , 641
641 , 636
642 , 643
643 , 644
644 , 645
645 , 646
646 , 647
647 , 642
648 , 649
649 , 650
650 , 651
651 , 652
652 , 653
653 , 648
76 , 654
654 , 655
655 , 656
656 , 77
657 , 658
658 , 659
659 , 660
660 , 661
661 , 662
662 , 657
663 , 664
664 , 665
665 , 666
666 , 667
667 , 668
668 , 663
669 , 670
670 , 671
671 , 672
672 , 673
673 , 674
674 , 669
675 , 676
676 , 677
677 , 678
678 , 679
679 , 680
680 , 681
681 , 675
682 , 683
683 , 684
684 , 685
685 , 686
686 , 687
687 , 682
688 , 689
689 , 690
690 , 691
691 , 692
692 , 693
693 , 688
694 , 695
695 , 696
696 , 697
697 , 698
698 , 694
699 , 700
700 , 701
701 , 702
702 , 703
703 , 704
704 , 705
705 , 699
706 , 707
707 , 708
708 , 709
709 , 710
710 , 711
711 , 706
712 , 713
713 , 714
714 , 715
715 , 716
716 , 717
717 , 718
718 , 712
241 , 719
719 , 720
720 , 721
721 , 722
722 , 242
723 , 724
724 , 725
725 , 726
726 , 727
727 , 728
728 , 723
729 , 730
730 , 731
731 , 732
732 , 733
733 , 734
734 , 729
735 , 736
736 , 737
737 , 738
738 , 739
739 , 740
740 , 735
741 , 742
742 , 743
743 , 744
744 , 745
745 , 746
746 , 741
747 , 748
748 , 749
749 , 750
750 , 751
751 , 752
752 , 747
753 , 754
754 , 755
755 , 756
756 , 757
757 , 758
758 , 753
759 , 760
760 , 761
761 , 762
762 , 763
763 , 764
764 , 759
765 , 766
766 , 767
767 , 768
768 , 769
769 , 770
770 , 765
771 , 772
772 , 773
773 , 774
774 , 775
775 , 776
776 , 771
777 , 778
778 , 779
779 , 780
780 , 781
781 , 782
782 , 777
783 , 784
784 , 785
785 , 786
786 , 787
787 , 788
788 , 783
789 , 790
790 , 791
791 , 792
792 , 793
793 , 794
794 , 789
795 , 796
796 , 797
797 , 798
798 , 799
799 , 800
800 , 795
801 , 802
802 , 803
803 , 804
804 , 805
805 , 806
806 , 801
807 , 808
808 , 809
809 , 810
810 , 811
811 , 812
812 , 807
813 , 814
814 , 815
815 , 816
816 , 817
817 , 813
818 , 819
819 , 820
820 , 821
821 , 590
589 , 818
822 , 823
823 , 824
824 , 825
825 , 826
826 , 827
827 , 822
828 , 829
829 , 830
830 , 831
831 , 832
832 , 833
833 , 828
834 , 835
835 , 836
836 , 837
837 , 838
838 , 839
839 , 834
840 , 841
841 , 842
842 , 843
843 , 844
844 , 840
845 , 846
846 , 847
847 , 848
848 , 849
849 , 850
850 , 845
851 , 852
852 , 853
853 , 854
854 , 855
855 , 851
856 , 857
857 , 858
858 , 859
859 , 860
860 , 861
861 , 856
202 , 862
862 , 863
863 , 864
864 , 203
865 , 866
866 , 867
867 , 868
868 , 869
869 , 870
870 , 865
871 , 872
872 , 873
873 , 874
874 , 875
875 , 876
876 , 877
877 , 871
878 , 879
879 , 880
880 , 881
881 , 882
882 , 883
883 , 878
884 , 885
885 , 886
886 , 887
887 , 888
888 , 889
889 , 890
890 , 884
891 , 892
892 , 893
893 , 894
894 , 895
895 , 896
896 , 891
897 , 898
898 , 899
899 , 900
900 , 897
901 , 902
902 , 903
903 , 904
904 , 905
905 , 906
906 , 901
907 , 908
908 , 909
909 , 910
910 , 911
911 , 912
912 , 907
913 , 914
914 , 915
915 , 916
916 , 917
917 , 918
918 , 913
919 , 920
920 , 921
921 , 922
922 , 923
923 , 924
924 , 919
925 , 926
926 , 927
927 , 928
928 , 929
929 , 930
930 , 925
931 , 932
932 , 933
933 , 934
934 , 935
935 , 936
936 , 931
937 , 938
938 , 939
939 , 940
940 , 941
941 , 942
942 , 937
943 , 944
944 , 945
945 , 946
946 , 947
947 , 948
948 , 943
949 , 950
950 , 951
951 , 952
952 , 953
953 , 954
954 , 949
955 , 956
956 , 957
957 , 958
958 , 959
959 , 960
960 , 955
961 , 962
962 , 963
963 , 964
964 , 965
965 , 961
966 , 967
967 , 968
968 , 969
969 , 970
970 , 971
971 , 966
972 , 973
973 , 974
974 , 975
975 , 976
976 , 977
977 , 972
978 , 979
979 , 980
980 , 981
981 , 982
982 , 983
983 , 978
984 , 985
985 , 986
986 , 987
987 , 988
988 , 989
989 , 984
915 , 990
990 , 991
991 , 992
992 , 993
993 , 916
994 , 995
995 , 996
996 , 92
95 , 997
997 , 994
998 , 999
999 , 1000
1000 , 1001
1001 , 1002
1002 , 1003
1003 , 998
465 , 1004
1004 , 1005
1005 , 1006
1006 , 1007
1007 , 466
1008 , 1009
1009 , 1010
1010 , 381
380 , 1011
1011 , 1008
1012 , 1013
1013 , 1014
1014 , 1015
1015 , 1016
1016 , 1017
1017 , 1012
1018 , 1019
1019 , 1020
1020 , 1021
1021 , 1022
1022 , 1023
1023 , 1018
1024 , 1025
1025 , 1026
1026 , 1027
1027 , 1028
1028 , 1029
1029 , 1024
1030 , 1031
1031 , 1032
1032 , 1033
1033 , 1034
1034 , 1035
1035 , 1030
1036 , 1037
1037 , 1038
1038 , 1039
1039 , 1040
1040 , 1041
1041 , 1042
1042 , 1036
1043 , 1044
1044 , 1045
1045 , 1046
1046 , 1047
1047 , 1048
1048 , 1043
529 , 1049
1049 , 1050
1050 , 42
41 , 530
1051 , 1052
1052 , 1053
1053 , 1054
1054 , 1055
1055 , 1056
1056 , 1051
1057 , 1058
1058 , 1059
1059 , 1060
1060 , 1061
1061 , 1062
1062 , 1063
1063 , 1057
1064 , 1065
1065 , 1066
1066 , 1067
1067 , 1068
1068 , 1069
1069 , 1064
835 , 1070
1070 , 1071
1071 , 1072
1072 , 1073
1073 , 836
1074 , 1075
1075 , 1076
1076 , 1077
1077 , 1078
1078 , 1079
1079 , 1074
419 , 1080
1080 , 1081
1081 , 1082
1082 , 420
1083 , 385
384 , 1084
1084 , 1085
1085 , 1086
1086 , 1083
1087 , 1088
1088 , 1089
1089 , 1090
1090 , 1091
1091 , 1092
1092 , 1087
1093 , 1094
1094 , 1095
1095 , 1096
1096 , 1097
1097 , 1098
1098 , 1093
1099 , 1100
1100 , 1101
1101 , 1102
1102 , 1103
1103 , 1099
1104 , 1105
1105 , 1106
1106 , 1107
1107 , 1108
1108 , 1104
1109 , 1110
1110 , 1111
1111 , 1112
1112 , 1113
1113 , 1114
1114 , 1109
1115 , 1116
1116 , 1117
1117 , 1118
1118 , 1119
1119 , 1115
1120 , 325
324 , 1121
1121 , 1122
1122 , 1123
1123 , 1120
1124 , 1125
1125 , 1126
1126 , 1127
1127 , 1128
1128 , 1129
1129 , 1130
1130 , 1131
1131 , 1124
1132 , 1133
1133 , 1134
1134 , 1135
1135 , 1136
1136 , 1137
1137 , 1132
1138 , 1139
1139 , 1140
1140 , 1141
1141 , 279
278 , 1138
1142 , 1143
1143 , 1144
1144 , 1145
1145 , 1146
1146 , 1147
1147 , 1142
559 , 1148
1148 , 1149
1149 , 1150
1150 , 1151
1151 , 560
1152 , 1153
1153 , 1154
1154 , 1155
1155 , 1156
1156 , 1157
1157 , 1152
1158 , 1159
1159 , 1160
1160 , 1161
1161 , 1162
1162 , 1163
1163 , 1164
1164 , 1158
1165 , 1166
1166 , 1167
1167 , 1168
1168 , 1169
1169 , 1170
1170 , 1165
1171 , 1172
1172 , 1173
1173 , 1174
1174 , 1175
1175 , 1176
1176 , 1171
1177 , 870
869 , 1178
1178 , 1179
1179 , 1180
1180 , 1177
1181 , 1182
1182 , 0
5 , 1183
1183 , 1184
1184 , 1181
1185 , 1186
1186 , 1187
1187 , 1188
1188 , 1189
1189 , 1190
1190 , 1185
1191 , 1192
1192 , 1193
1193 , 1194
1194 , 1195
1195 , 1196
1196 , 1191
1197 , 1198
1198 , 1199
1199 , 1200
1200 , 1201
1201 , 1202
1202 , 1197
1203 , 1204
1204 , 1205
1205 , 1206
1206 , 1207
1207 , 1208
1208 , 1203
1209 , 1210
1210 , 1211
1211 , 1212
1212 , 1213
1213 , 1214
1214 , 1209
1215 , 1216
1216 , 1217
1217 , 1218
1218 , 1219
1219 , 1220
1220 , 1215
1221 , 1222
1222 , 1223
1223 , 1224
1224 , 1225
1225 , 1226
1226 , 1221
1227 , 1228
1228 , 1229
1229 , 1230
1230 , 1231
1231 , 1232
1232 , 1227
1233 , 1234
1234 , 1235
1235 , 1236
1236 , 1237
1237 , 1238
1238 , 1233
1239 , 1240
1240 , 1241
1241 , 1242
1242 , 1243
1243 , 1244
1244 , 1239
1245 , 1246
1246 , 1247
1247 , 1248
1248 , 1249
1249 , 1250
1250 , 1245
1251 , 1252
1252 , 1253
1253 , 1254
1254 , 1255
1255 , 1256
1256 , 1251
139 , 1257
1257 , 1258
1258 , 1259
1259 , 1260
1260 , 140
1261 , 1262
1262 , 1263
1263 , 174
173 , 1264
1264 , 1261
1265 , 1266
1266 , 1267
1267 , 1268
1268 , 1269
1269 , 1270
1270 , 1265
1271 , 1272
1272 , 1273
1273 , 1274
1274 , 820
819 , 1271
1061 , 1275
1275 , 1276
1276 , 1277
1277 , 1278
1278 , 1062
1279 , 1029
1028 , 1280
1280 , 1281
1281 , 1282
1282 , 1279
1283 , 1284
1284 , 1285
1285 , 1286
1286 , 1287
1287 , 1288
1288 , 1283
1289 , 224
223 , 1290
1290 , 1291
1291 , 1292
1292 , 1293
1293 , 1289
1294 , 1295
1295 , 1296
1296 , 1297
1297 , 1298
1298 , 1299
1299 , 1294
1194 , 1300
1300 , 1301
1301 , 1302
1302 , 1195
1303 , 1304
1304 , 1305
1305 , 1306
1306 , 1307
1307 , 1308
1308 , 1303
1309 , 1310
1310 , 1311
1311 , 1312
1312 , 1313
1313 , 1314
1314 , 1309
1315 , 1316
1316 , 1317
1317 , 1318
1318 , 1319
1319 , 1320
1320 , 1315
1321 , 1322
1322 , 1323
1323 , 1324
1324 , 210
209 , 1321
1325 , 1326
1326 , 1327
1327 , 1328
1328 , 1329
1329 , 1330
1330 , 1325
1331 , 1332
1332 , 1333
1333 , 1334
1334 , 1335
1335 , 1336
1336 , 1331
1337 , 1338
1338 , 1339
1339 , 1340
1340 , 651
650 , 1337
116 , 1341
1341 , 1342
1342 , 1343
1343 , 1344
1344 , 117
1345 , 1346
1346 , 1347
1347 , 1348
1348 , 1349
1349 , 1350
1350 , 1345
1351 , 1352
1352 , 1353
1353 , 1354
1354 , 1355
1355 , 1356
1356 , 1351
1357 , 1358
1358 , 1359
1359 , 1360
1360 , 1361
1361 , 1362
1362 , 1357
1363 , 1364
1364 , 1365
1365 , 1366
1366 , 1367
1367 , 1368
1368 , 1363
1369 , 1370
1370 , 1371
1371 , 498
502 , 1372
1372 , 1369
471 , 1373
1373 , 1374
1374 , 1375
1375 , 1376
1376 , 472
1377 , 1378
1378 , 1379
1379 , 1380
1380 , 1381
1381 , 1382
1382 , 1377
1383 , 605
604 , 1384
1384 , 1385
1385 , 1386
1386 , 1383
1387 , 1388
1388 , 1389
1389 , 1390
1390 , 1391
1391 , 1392
1392 , 1387
1393 , 1394
1394 , 1395
1395 , 1396
1396 , 1397
1397 , 1398
1398 , 1393
1399 , 1400
1400 , 1401
1401 , 1402
1402 , 1403
1403 , 1399
1404 , 1405
1405 , 1406
1406 , 1407
1407 , 1167
1166 , 1404
1408 , 1409
1409 , 1410
1410 , 1411
1411 , 1412
1412 , 1413
1413 , 1408
1414 , 1415
1415 , 1416
1416 , 1417
1417 , 1418
1418 , 1419
1419 , 1414
1420 , 142
141 , 1421
1421 , 1422
1422 , 435
434 , 1420
1423 , 1424
1424 , 1425
1425 , 1426
1426 , 1427
1427 , 1423
1428 , 1429
1429 , 1430
1430 , 1431
1431 , 1432
1432 , 1433
1433 , 1428
1434 , 1435
1435 , 1436
1436 , 1437
1437 , 1438
1438 , 1439
1439 , 1434
1440 , 1441
1441 , 1442
1442 , 31
30 , 1443
1443 , 1440
1444 , 1445
1445 , 1446
1446 , 1447
1447 , 1448
1448 , 1449
1449 , 1444
831 , 1450
1450 , 657
662 , 1451
1451 , 1452
1452 , 832
1453 , 1454
1454 , 1455
1455 , 1456
1456 , 1457
1457 , 1458
1458 , 1453
1459 , 1460
1460 , 1461
1461 , 1462
1462 , 1463
1463 , 1464
1464 , 1459
1465 , 900
899 , 1466
1466 , 1467
1467 , 1468
1468 , 1465
1469 , 1470
1470 , 1471
1471 , 1472
1472 , 1473
1473 , 1474
1474 , 1469
1475 , 1476
1476 , 1477
1477 , 1478
1478 , 1479
1479 , 1480
1480 , 1475
749 , 1481
1481 , 1482
1482 , 1483
1483 , 1484
1484 , 750
1485 , 1486
1486 , 1487
1487 , 494
493 , 1488
1488 , 1485
659 , 1489
1489 , 1490
1490 , 1491
1491 , 1492
1492 , 660
122 , 1493
1493 , 1494
1494 , 1495
1495 , 1496
1496 , 123
1497 , 1498
1498 , 1499
1499 , 908
907 , 1500
1500 , 1497
1501 , 1502
1502 , 1503
1503 , 1504
1504 , 1505
1505 , 1506
1506 , 1501
1507 , 1508
1508 , 1509
1509 , 1510
1510 , 1511
1511 , 1512
1512 , 1507
1513 , 1514
1514 , 1515
1515 , 1516
1516 , 1517
1517 , 1513
1518 , 1519
1519 , 1520
1520 , 127
126 , 1521
1521 , 1518
1522 , 1523
1523 , 1524
1524 , 840
844 , 1525
1525 , 1522
1526 , 1527
1527 , 1528
1528 , 1529
1529 , 1530
1530 , 1531
1531 , 1526
1532 , 1533
1533 , 1534
1534 , 1535
1535 , 1536
1536 , 1537
1537 , 1532
1538 , 1539
1539 , 1540
1540 , 1541
1541 , 1542
1542 , 1543
1543 , 1544
1544 , 1538
1545 , 397
396 , 1546
1546 , 1547
1547 , 1548
1548 , 1545
1549 , 1550
1550 , 1551
1551 , 1552
1552 , 1553
1553 , 1554
1554 , 1549
1555 , 1556
1556 , 1557
1557 , 858
857 , 1555
1558 , 1559
1559 , 1560
1560 , 1561
1561 , 1562
1562 , 1563
1563 , 1558
1188 , 1564
1564 , 1565
1565 , 1566
1566 , 1567
1567 , 1189
1568 , 1569
1569 , 172
171 , 1570
1570 , 1571
1571 , 1568
1572 , 1573
1573 , 1574
1574 , 1575
1575 , 1576
1576 , 1577
1577 , 1572
1578 , 1579
1579 , 1580
1580 , 1581
1581 , 1582
1582 , 1583
1583 , 1578
1584 , 1585
1585 , 1586
1586 , 1587
1587 , 1588
1588 , 1584
1589 , 1590
1590 , 1591
1591 , 1592
1592 , 1100
1099 , 1593
1593 , 1589
1594 , 1595
1595 , 675
681 , 1596
1596 , 1594
1437 , 1597
1597 , 1598
1598 , 441
440 , 1438
1599 , 1600
1600 , 1601
1601 , 1602
1602 , 1603
1603 , 1599
1604 , 1605
1605 , 1606
1606 , 1037
1036 , 1607
1607 , 1604
1608 , 1609
1609 , 1331
1336 , 1610
1610 , 1611
1611 , 1608
1612 , 468
467 , 1613
1613 , 1614
1614 , 1615
1615 , 1612
1616 , 1617
1617 , 1618
1618 , 1619
1619 , 1620
1620 , 1621
1621 , 1616
1622 , 1623
1623 , 1624
1624 , 1625
1625 , 1626
1626 , 1627
1627 , 1622
1597 , 1628
1628 , 1629
1629 , 1630
1630 , 1631
1631 , 1598
1632 , 1633
1633 , 1634
1634 , 1635
1635 , 1636
1636 , 1637
1637 , 1632
1638 , 1639
1639 , 1640
1640 , 7
6 , 1641
1641 , 1638
1642 , 1643
1643 , 1644
1644 , 1645
1645 , 1646
1646 , 1647
1647 , 1648
1648 , 1642
1649 , 155
154 , 1650
1650 , 1651
1651 , 1652
1652 , 1649
1653 , 1654
1654 , 758
757 , 1655
1655 , 1656
1656 , 1657
1657 , 1653
655 , 1658
1658 , 1659
1659 , 1660
1660 , 1661
1661 , 656
1662 , 1663
1663 , 1664
1664 , 1665
1665 , 1666
1666 , 1667
1667 , 1662
1668 , 1669
1669 , 1670
1670 , 1671
1671 , 957
956 , 1668
1672 , 1673
1673 , 1674
1674 , 186
185 , 1675
1675 , 1672
1676 , 1677
1677 , 1678
1678 , 1679
1679 , 1680
1680 , 1681
1681 , 1676
1682 , 1683
1683 , 1684
1684 , 1685
1685 , 1686
1686 , 1687
1687 , 1682
1688 , 1689
1689 , 1690
1690 , 1691
1691 , 1692
1692 , 1693
1693 , 1688
1694 , 1567
1566 , 1695
1695 , 1696
1696 , 1697
1697 , 1694
388 , 1698
1698 , 1699
1699 , 1700
1700 , 1701
1701 , 389
1702 , 1703
1703 , 1704
1704 , 1705
1705 , 1706
1706 , 1707
1707 , 1702
48 , 1708
1708 , 545
550 , 1709
1709 , 49
1710 , 1711
1711 , 1712
1712 , 345
344 , 1713
1713 , 1710
717 , 1714
1714 , 1715
1715 , 1716
1716 , 718
1717 , 125
124 , 1718
1718 , 1719
1719 , 1717
1720 , 1721
1721 , 1722
1722 , 1723
1723 , 1724
1724 , 1720
1725 , 1726
1726 , 1727
1727 , 1728
1728 , 1729
1729 , 1730
1730 , 1725
1731 , 492
491 , 1732
1732 , 1733
1733 , 1734
1734 , 1731
1735 , 1736
1736 , 1737
1737 , 1738
1738 , 1739
1739 , 1740
1740 , 1735
1741 , 1742
1742 , 1743
1743 , 1744
1744 , 1745
1745 , 1746
1746 , 1741
1747 , 1748
1748 , 1749
1749 , 1673
1672 , 1750
1750 , 1747
1477 , 501
500 , 1751
1751 , 1752
1752 , 1478
887 , 1753
1753 , 937
942 , 1754
1754 , 888
1755 , 1571
1570 , 1756
1756 , 1757
1757 , 1758
1758 , 1755
1759 , 1114
1113 , 1760
1760 , 262
261 , 1759
1339 , 1761
1761 , 1762
1762 , 1763
1763 , 1764
1764 , 1340
1765 , 1766
1766 , 1767
1767 , 1768
1768 , 1769
1769 , 1770
1770 , 1765
478 , 1771
1771 , 1772
1772 , 1773
1773 , 1774
1774 , 479
26 , 1775
1775 , 1776
1776 , 1777
1777 , 1778
1778 , 27
169 , 770
769 , 1779
1779 , 1780
1780 , 170
1781 , 1782
1782 , 1783
1783 , 1784
1784 , 1785
1785 , 1786
1786 , 1781
1787 , 936
935 , 1788
1788 , 571
570 , 1787
1789 , 1790
1790 , 1791
1791 , 1792
1792 , 1793
1793 , 1794
1794 , 1789
263 , 1795
1795 , 1796
1796 , 1797
1797 , 1798
1798 , 264
1799 , 1800
1800 , 1801
1801 , 1802
1802 , 625
624 , 1799
1803 , 1804
1804 , 1805
1805 , 999
998 , 1806
1806 , 1803
1807 , 1808
1808 , 1809
1809 , 1810
1810 , 1811
1811 , 1659
1658 , 1807
1812 , 1813
1813 , 1814
1814 , 1815
1815 , 1816
1816 , 1817
1817 , 1812
1818 , 1819
1819 , 1820
1820 , 1821
1821 , 1822
1822 , 1823
1823 , 1818
1824 , 1825
1825 , 1826
1826 , 1827
1827 , 1039
1038 , 1824
1828 , 1829
1829 , 1830
1830 , 1831
1831 , 1832
1832 , 1833
1833 , 1828
1834 , 1122
1121 , 1835
1835 , 714
713 , 1834
1836 , 1837
1837 , 613
612 , 1838
1838 , 1839
1839 , 1836
621 , 1840
1840 , 1841
1841 , 1842
1842 , 1843
1843 , 622
1844 , 1845
1845 , 1846
1846 , 1847
1847 , 1848
1848 , 1844
626 , 1849
1849 , 1850
1850 , 1851
1851 , 1852
1852 , 627
1580 , 337
336 , 1853
1853 , 1854
1854 , 1581
1855 , 1856
1856 , 1857
1857 , 1858
1858 , 1859
1859 , 1860
1860 , 1855
1861 , 1862
1862 , 1863
1863 , 1864
1864 , 1865
1865 , 1866
1866 , 1861
1867 , 1868
1868 , 1869
1869 , 1870
1870 , 1871
1871 , 1872
1872 , 1867
1873 , 1874
1874 , 1875
1875 , 1876
1876 , 1877
1877 , 1878
1878 , 1873
535 , 1621
1620 , 1879
1879 , 1880
1880 , 536
1881 , 349
348 , 1882
1882 , 1883
1883 , 1884
1884 , 1881
1162 , 1885
1885 , 702
701 , 1163
1886 , 985
984 , 1887
1887 , 1886
1888 , 1889
1889 , 1890
1890 , 1891
1891 , 1892
1892 , 1888
1893 , 680
679 , 151
150 , 1894
1894 , 1893
1895 , 1896
1896 , 1897
1897 , 267
266 , 1898
1898 , 1895
1899 , 538
537 , 1900
1900 , 1901
1901 , 1902
1902 , 1899
1665 , 509
514 , 1903
1903 , 1904
1904 , 1666
1905 , 1906
1906 , 1907
1907 , 1908
1908 , 1217
1216 , 1905
1909 , 1910
1910 , 1911
1911 , 1912
1912 , 1913
1913 , 1914
1914 , 1909
1915 , 1916
1916 , 1917
1917 , 1560
1559 , 1918
1918 , 1915
1919 , 839
838 , 1550
1549 , 1920
1920 , 1919
1921 , 1314
1313 , 1922
1922 , 608
607 , 1921
1923 , 1924
1924 , 1925
1925 , 1094
1093 , 1926
1926 , 1923
1927 , 1928
1928 , 1929
1929 , 748
747 , 1930
1930 , 1927
1931 , 1932
1932 , 1933
1933 , 1284
1283 , 1934
1934 , 1931
1744 , 688
693 , 1935
1935 , 1936
1936 , 1745
1937 , 1938
1938 , 1939
1939 , 873
872 , 1940
1940 , 1937
1941 , 1942
1942 , 1943
1943 , 1944
1944 , 1945
1945 , 1946
1946 , 1941
1947 , 728
727 , 1326
1325 , 1948
1948 , 1947
1411 , 1949
1949 , 1950
1950 , 1951
1951 , 1952
1952 , 1412
1953 , 1278
1277 , 1954
1954 , 1955
1955 , 1956
1956 , 1953
1442 , 1957
1957 , 1958
1958 , 1959
1959 , 32
1960 , 1961
1961 , 1962
1962 , 1963
1963 , 423
422 , 1960
1964 , 1965
1965 , 1966
1966 , 1967
1967 , 577
576 , 1964
1471 , 1968
1968 , 1969
1969 , 1970
1970 , 1971
1971 , 1472
1972 , 391
390 , 1973
1973 , 1974
1974 , 1975
1975 , 1972
1976 , 1977
1977 , 1978
1978 , 1979
1979 , 1980
1980 , 1981
1981 , 1976
1982 , 1983
1983 , 1984
1984 , 1985
1985 , 1986
1986 , 1987
1987 , 1982
981 , 1988
1988 , 374
373 , 1989
1989 , 982
1990 , 1991
1991 , 1992
1992 , 778
777 , 1993
1993 , 1990
1994 , 1995
1995 , 144
149 , 1996
1996 , 1997
1997 , 1994
876 , 1998
1998 , 1999
1999 , 2000
2000 , 877
553 , 67
66 , 2001
2001 , 2002
2002 , 554
2003 , 2004
2004 , 2005
2005 , 2006
2006 , 2007
2007 , 2008
2008 , 2003
2009 , 2010
2010 , 2011
2011 , 2012
2012 , 2013
2013 , 2014
2014 , 2009
1006 , 2015
2015 , 2016
2016 , 2017
2017 , 2018
2018 , 1007
2019 , 734
733 , 2020
2020 , 2021
2021 , 2022
2022 , 2019
2023 , 2024
2024 , 2025
2025 , 2026
2026 , 2027
2027 , 2028
2028 , 2023
803 , 2029
2029 , 2030
2030 , 2031
2031 , 2032
2032 , 804
898 , 2033
2033 , 2034
2034 , 1466
2035 , 2036
2036 , 299
298 , 2037
2037 , 2035
135 , 2038
2038 , 2039
2039 , 1014
1013 , 136
2040 , 2041
2041 , 2042
2042 , 2043
2043 , 2044
2044 , 2045
2045 , 2040
2046 , 2047
2047 , 2048
2048 , 2049
2049 , 893
892 , 2046
974 , 196
195 , 2050
2050 , 2051
2051 , 975
1529 , 2052
2052 , 2053
2053 , 2054
2054 , 2055
2055 , 1530
2056 , 2057
2057 , 2058
2058 , 2059
2059 , 2060
2060 , 2061
2061 , 2056
2062 , 1098
1097 , 1663
1662 , 2063
2063 , 2062
1206 , 2064
2064 , 2065
2065 , 2066
2066 , 2067
2067 , 1207
2068 , 2069
2069 , 2070
2070 , 2071
2071 , 1907
1906 , 2068
1117 , 2072
2072 , 2073
2073 , 2074
2074 , 2075
2075 , 1118
1333 , 2076
2076 , 2077
2077 , 428
427 , 1334
2078 , 2079
2079 , 2080
2080 , 2081
2081 , 2082
2082 , 2083
2083 , 2078
2084 , 2085
2085 , 2086
2086 , 2087
2087 , 2088
2088 , 2084
2089 , 2090
2090 , 2091
2091 , 2092
2092 , 2093
2093 , 2094
2094 , 2089
1010 , 2095
2095 , 2096
2096 , 2097
2097 , 382
2098 , 432
431 , 2099
2099 , 2100
2100 , 2101
2101 , 2098
1033 , 2102
2102 , 2103
2103 , 489
488 , 1034
2104 , 2105
2105 , 2106
2106 , 2107
2107 , 2108
2108 , 2109
2109 , 2104
2110 , 2111
2111 , 2112
2112 , 2113
2113 , 2114
2114 , 2115
2115 , 2110
1247 , 2116
2116 , 2117
2117 , 669
674 , 1248
2118 , 2119
2119 , 2120
2120 , 2121
2121 , 2122
2122 , 2123
2123 , 2118
211 , 2124
2124 , 2125
2125 , 2126
2126 , 2127
2127 , 212
400 , 2128
2128 , 2129
2129 , 2130
2130 , 2131
2131 , 401
963 , 2132
2132 , 2133
2133 , 2134
2134 , 2135
2135 , 2136
2136 , 964
129 , 2137
2137 , 2138
2138 , 2139
2139 , 2140
2140 , 130
2141 , 2142
2142 , 2143
2143 , 296
295 , 2141
2144 , 2145
2145 , 86
91 , 2146
2146 , 2147
2147 , 2144
2148 , 2149
2149 , 2150
2150 , 2151
2151 , 1424
1423 , 2148
2152 , 2153
2153 , 2154
2154 , 2155
2155 , 58
57 , 2152
2156 , 2157
2157 , 2158
2158 , 2159
2159 , 2160
2160 , 2161
2161 , 2156
2162 , 2163
2163 , 2164
2164 , 47
51 , 2165
2165 , 2166
2166 , 2162
867 , 2167
2167 , 2168
2168 , 2169
2169 , 2170
2170 , 868
791 , 2171
2171 , 2172
2172 , 362
361 , 2173
2173 , 792
2174 , 2175
2175 , 2176
2176 , 2177
2177 , 312
311 , 2174
2107 , 636
641 , 2178
2178 , 2179
2179 , 2108
2180 , 2181
2181 , 1818
1823 , 2182
2182 , 2183
2183 , 2180
505 , 919
924 , 2184
2184 , 506
234 , 2185
2185 , 2186
2186 , 2187
2187 , 2188
2188 , 235
2189 , 2190
2190 , 2191
2191 , 2192
2192 , 2193
2193 , 2194
2194 , 2189
1135 , 2195
2195 , 2196
2196 , 2197
2197 , 2198
2198 , 1136
2199 , 2200
2200 , 2201
2201 , 2202
2202 , 1259
1258 , 2199
1020 , 2203
2203 , 551
556 , 2204
2204 , 1021
2205 , 2206
2206 , 1177
1180 , 2207
2207 , 2208
2208 , 2205
1076 , 2209
2209 , 2210
2210 , 2211
2211 , 2212
2212 , 2213
2213 , 1077
2214 , 2215
2215 , 2216
2216 , 818
588 , 2214
2217 , 237
236 , 411
410 , 2218
2218 , 2217
44 , 1132
1137 , 2219
2219 , 2220
2220 , 45
2221 , 1843
1842 , 333
332 , 2222
2222 , 2223
2223 , 2221
1853 , 2224
2224 , 2225
2225 , 340
339 , 1854
2226 , 2227
2227 , 1558
1563 , 2228
2228 , 2229
2229 , 2226
1728 , 1548
1547 , 823
822 , 1729
2168 , 2230
2230 , 2231
2231 , 2232
2232 , 2233
2233 , 2169
2234 , 2235
2235 , 2236
2236 , 2237
2237 , 2076
1332 , 2234
2238 , 2239
2239 , 2240
2240 , 2241
2241 , 2242
2242 , 2243
2243 , 2238
2244 , 2245
2245 , 2144
2147 , 2246
2246 , 2247
2247 , 2244
2154 , 2248
2248 , 2249
2249 , 950
949 , 2155
1290 , 2250
2250 , 2251
2251 , 601
600 , 1291
2252 , 2253
2253 , 2254
2254 , 2255
2255 , 2256
2256 , 2257
2257 , 2252
2258 , 2259
2259 , 2260
2260 , 2261
2261 , 2262
2262 , 2263
2263 , 2258
2264 , 2265
2265 , 2266
2266 , 1909
1914 , 2267
2267 , 2268
2268 , 2264
2269 , 2270
2270 , 2271
2271 , 1569
1568 , 2272
2272 , 2269
2273 , 166
165 , 2274
2274 , 2275
2275 , 773
772 , 2273
1998 , 2276
2276 , 2277
2277 , 2278
2278 , 2279
2279 , 2280
2280 , 1999
1161 , 2281
2281 , 226
231 , 1885
2275 , 2282
2282 , 1514
1513 , 774
1732 , 2283
2283 , 2284
2284 , 684
683 , 1733
2285 , 2286
2286 , 2287
2287 , 802
801 , 2288
2288 , 2285
1970 , 2289
2289 , 2290
2290 , 181
180 , 1971
2291 , 2292
2292 , 503
508 , 2293
2293 , 2294
2294 , 2291
2295 , 2296
2296 , 2297
2297 , 2298
2298 , 2299
2299 , 2300
2300 , 2295
8 , 960
959 , 2301
2301 , 2302
2302 , 9
2303 , 2304
2304 , 1755
1758 , 2305
2305 , 830
829 , 2303
2306 , 2307
2307 , 2308
2308 , 168
167 , 2309
2309 , 2306
322 , 2310
2310 , 2311
2311 , 2312
2312 , 2313
2313 , 323
1229 , 2314
2314 , 2315
2315 , 2316
2316 , 2317
2317 , 1230
2318 , 740
739 , 2319
2319 , 2320
2320 , 2321
2321 , 2318
1296 , 2322
2322 , 901
906 , 2323
2323 , 1297
81 , 1794
1793 , 2324
2324 , 2325
2325 , 82
2326 , 883
882 , 2327
2327 , 2328
2328 , 2329
2329 , 2326
2330 , 2331
2331 , 2332
2332 , 2333
2333 , 2112
2111 , 2330
2027 , 1058
1057 , 1704
1703 , 2028
1015 , 2334
2334 , 2335
2335 , 2336
2336 , 2337
2337 , 1016
2338 , 2339
2339 , 2340
2340 , 2341
2341 , 2342
2342 , 2343
2343 , 2338
1751 , 2344
2344 , 69
68 , 1752
2345 , 2346
2346 , 2347
2347 , 2348
2348 , 2349
2349 , 2345
933 , 599
598 , 2350
2350 , 2351
2351 , 934
1695 , 2352
2352 , 2353
2353 , 2354
2354 , 2355
2355 , 1696
2356 , 2357
2357 , 2358
2358 , 2359
2359 , 2360
2360 , 2361
2361 , 2356
696 , 2362
2362 , 2363
2363 , 2364
2364 , 2365
2365 , 697
2366 , 2367
2367 , 2368
2368 , 2369
2369 , 2370
2370 , 2371
2371 , 2366
1685 , 2372
2372 , 2373
2373 , 2117
2116 , 1686
2374 , 2375
2375 , 254
259 , 2376
2376 , 2377
2377 , 2374
2378 , 2379
2379 , 2380
2380 , 1629
1628 , 2378
159 , 2381
2381 , 2382
2382 , 2005
2004 , 160
786 , 2383
2383 , 2384
2384 , 2385
2385 , 2386
2386 , 787
1939 , 2387
2387 , 2388
2388 , 874
715 , 1181
1184 , 2389
2389 , 2390
2390 , 716
2391 , 1362
1361 , 2392
2392 , 2393
2393 , 2391
1173 , 2394
2394 , 96
101 , 2395
2395 , 1174
2396 , 2397
2397 , 2398
2398 , 2399
2399 , 1045
1044 , 2396
2400 , 1997
1996 , 2401
2401 , 1149
1148 , 2400
2402 , 2403
2403 , 2404
2404 , 2405
2405 , 357
356 , 2402
2406 , 2407
2407 , 2408
2408 , 2409
2409 , 2410
2410 , 2411
2411 , 2412
2412 , 2406
2413 , 2414
2414 , 2415
2415 , 2416
2416 , 2417
2417 , 2418
2418 , 2413
2267 , 2419
2419 , 2420
2420 , 2421
2421 , 2268
1487 , 2422
2422 , 2423
2423 , 495
2424 , 2425
2425 , 2426
2426 , 2427
2427 , 2428
2428 , 2429
2429 , 2424
1396 , 2295
2300 , 2430
2430 , 2431
2431 , 1397
1660 , 2432
2432 , 2433
2433 , 1814
1813 , 1661
1285 , 2386
2385 , 852
851 , 1286
2434 , 480
1774 , 1365
1364 , 2434
1912 , 2435
2435 , 2436
2436 , 2437
2437 , 2438
2438 , 1913
2439 , 287
286 , 2440
2440 , 2441
2441 , 2442
2442 , 2439
652 , 2443
2443 , 2444
2444 , 2445
2445 , 2446
2446 , 653
2447 , 2448
2448 , 2449
2449 , 2450
2450 , 2451
2451 , 2452
2452 , 2447
1795 , 2453
2453 , 2454
2454 , 730
729 , 1796
2049 , 2455
2455 , 2456
2456 , 2457
2457 , 894
2458 , 1288
1287 , 2459
2459 , 2460
2460 , 2461
2461 , 2462
2462 , 2458
2463 , 2464
2464 , 2465
2465 , 2466
2466 , 2315
2314 , 2463
2467 , 2468
2468 , 2469
2469 , 2470
2470 , 2471
2471 , 2472
2472 , 2467
2050 , 2473
2473 , 2474
2474 , 2475
2475 , 2476
2476 , 2051
2477 , 2478
2478 , 1383
1386 , 2479
2479 , 2480
2480 , 2477
2481 , 2482
2482 , 2483
2483 , 2484
2484 , 2485
2485 , 2486
2486 , 2481
280 , 2487
2487 , 2488
2488 , 926
925 , 281
1066 , 2489
2489 , 2490
2490 , 2491
2491 , 2492
2492 , 1067
442 , 2493
2493 , 2494
2494 , 2495
2495 , 2496
2496 , 443
1783 , 2480
2479 , 1159
1158 , 1784
2497 , 1946
1945 , 2498
2498 , 2499
2499 , 2500
2500 , 2497
2501 , 379
378 , 886
885 , 2501
940 , 1584
1588 , 2502
2502 , 941
2503 , 2504
2504 , 828
833 , 2505
2505 , 2506
2506 , 2503
755 , 2507
2507 , 1790
1789 , 2508
2508 , 756
2509 , 2510
2510 , 2511
2511 , 2512
2512 , 2513
2513 , 2514
2514 , 2509
2515 , 2516
2516 , 2517
2517 , 2518
2518 , 880
879 , 2515
671 , 1642
1648 , 2519
2519 , 672
2520 , 2521
2521 , 197
201 , 1846
1845 , 2520
709 , 2522
2522 , 1088
1087 , 2523
2523 , 710
1199 , 2524
2524 , 2525
2525 , 2526
2526 , 2527
2527 , 1200
1897 , 850
849 , 2528
2528 , 268
2529 , 2530
2530 , 2531
2531 , 1669
1668 , 2532
2532 , 2529
2011 , 2533
2533 , 2534
2534 , 399
398 , 2012
591 , 2535
2535 , 2536
2536 , 2537
2537 , 2538
2538 , 592
2200 , 520
519 , 2539
2539 , 2540
2540 , 2201
307 , 2541
2541 , 2542
2542 , 1958
1957 , 308
1763 , 2543
2543 , 2544
2544 , 2545
2545 , 2546
2546 , 1764
1714 , 481
486 , 1342
1341 , 1715
2080 , 2547
2547 , 2548
2548 , 1153
1152 , 2081
59 , 2549
2549 , 1445
1444 , 2550
2550 , 60
2551 , 2552
2552 , 2553
2553 , 2554
2554 , 2555
2555 , 2551
2517 , 2556
2556 , 288
293 , 2557
2557 , 2518
2558 , 2559
2559 , 2560
2560 , 2561
2561 , 2562
2562 , 2563
2563 , 2558
2466 , 2564
2564 , 215
214 , 2316
1430 , 2565
2565 , 12
17 , 2566
2566 , 1431
2198 , 2567
2567 , 2568
2568 , 2219
633 , 2569
2569 , 2570
2570 , 2571
2571 , 2572
2572 , 634
1670 , 2573
2573 , 433
438 , 2574
2574 , 1671
2575 , 2576
2576 , 2577
2577 , 658
1450 , 2575
2578 , 1238
1237 , 2579
2579 , 1890
1889 , 2578
2034 , 2580
2580 , 1374
1373 , 1467
512 , 2581
2581 , 2582
2582 , 1624
1623 , 513
2333 , 2583
2583 , 760
759 , 2113
2584 , 2585
2585 , 2586
2586 , 145
1995 , 2584
596 , 1433
1432 , 2587
2587 , 2588
2588 , 597
2589 , 2590
2590 , 2591
2591 , 227
2281 , 2589
2592 , 1877
1876 , 2593
2593 , 121
120 , 2594
2594 , 2592
1157 , 2260
2259 , 2082
1840 , 1308
1307 , 2595
2595 , 2596
2596 , 1841
1241 , 2597
2597 , 1115
1119 , 2598
2598 , 1242
2457 , 2599
2599 , 2600
2600 , 1144
1143 , 895
2601 , 2602
2602 , 2603
2603 , 2157
2156 , 2604
2604 , 2601
1492 , 2605
2605 , 2606
2606 , 2607
2607 , 661
2 , 1392
1391 , 2608
2608 , 2609
2609 , 3
725 , 2610
2610 , 2611
2611 , 239
238 , 726
2612 , 1232
1231 , 742
741 , 2613
2613 , 2612
2614 , 2615
2615 , 2616
2616 , 2617
2617 , 2618
2618 , 2619
2619 , 2614
2620 , 668
667 , 2621
2621 , 2622
2622 , 2623
2623 , 2620
2191 , 2624
2624 , 2625
2625 , 2626
2626 , 2627
2627 , 2192
2408 , 2628
2628 , 2629
2629 , 2630
2630 , 2409
1908 , 2631
2631 , 1928
1927 , 1218
1416 , 2554
2553 , 2632
2632 , 2633
2633 , 2634
2634 , 1417
99 , 1191
1196 , 2635
2635 , 2636
2636 , 100
2637 , 2638
2638 , 1931
1934 , 2639
2639 , 2640
2640 , 2637
2641 , 2642
2642 , 2643
2643 , 2644
2644 , 2645
2645 , 2641
2646 , 2647
2647 , 2648
2648 , 2649
2649 , 2650
2650 , 2646
798 , 2651
2651 , 289
2556 , 799
2652 , 2653
2653 , 2654
2654 , 2655
2655 , 2656
2656 , 2657
2657 , 2652
2621 , 2658
2658 , 2659
2659 , 1389
1388 , 2622
2184 , 2660
2660 , 2661
2661 , 2662
2662 , 507
2663 , 966
971 , 1761
1338 , 2663
2664 , 1474
1473 , 2665
2665 , 1943
1942 , 2664
2666 , 2667
2667 , 2668
2668 , 2669
2669 , 1534
1533 , 2666
2670 , 2645
2644 , 582
581 , 2671
2671 , 2670
2274 , 2452
2451 , 2672
2672 , 2282
251 , 2673
2673 , 944
943 , 252
2038 , 1003
1002 , 2674
2674 , 2675
2675 , 2039
2676 , 562
561 , 2677
2677 , 1524
1523 , 2676
2631 , 526
525 , 2678
2678 , 1929
2679 , 1884
1883 , 2680
2680 , 2681
2681 , 2682
2682 , 2679
1327 , 243
722 , 2683
2683 , 1328
1540 , 2684
2684 , 1812
1817 , 1541
2685 , 2686
2686 , 2687
2687 , 614
1837 , 2685
2688 , 2689
2689 , 2690
2690 , 2691
2691 , 246
245 , 2688
2692 , 2693
2693 , 2694
2694 , 2695
2695 , 1111
1110 , 2692
2696 , 2288
806 , 2697
2697 , 2698
2698 , 2696
2699 , 890
889 , 2700
2700 , 2701
2701 , 2699
954 , 2549
424 , 2702
2702 , 2435
1911 , 425
2599 , 469
474 , 2703
2703 , 2600
1875 , 2704
2704 , 2705
2705 , 2706
2706 , 2593
2132 , 2707
2707 , 2708
2708 , 1638
1641 , 2709
2709 , 2133
2710 , 2711
2711 , 1735
1740 , 2712
2712 , 2713
2713 , 2710
2714 , 2715
2715 , 2716
2716 , 2717
2717 , 1053
1052 , 2714
1187 , 2718
2718 , 2719
2719 , 2720
2720 , 1564
685 , 2721
2721 , 2524
1198 , 686
1495 , 2722
2722 , 967
2663 , 1496
2723 , 2724
2724 , 1030
1035 , 809
808 , 2723
708 , 2725
2725 , 2726
2726 , 2727
2727 , 2522
2728 , 1902
1901 , 2729
2729 , 1211
1210 , 2728
1978 , 2730
2730 , 2731
2731 , 1105
1104 , 1979
2732 , 2733
2733 , 2734
2734 , 2735
2735 , 2736
2736 , 2737
2737 , 2732
1335 , 2738
2738 , 1528
1527 , 1610
1820 , 711
2523 , 1821
848 , 2739
2739 , 1267
1266 , 2528
447 , 1108
1107 , 2056
2061 , 2740
2740 , 448
2741 , 2742
2742 , 1428
595 , 2741
2743 , 752
751 , 2744
2744 , 1235
1234 , 2743
301 , 2745
2745 , 995
994 , 2746
2746 , 302
1395 , 532
531 , 2296
2747 , 997
94 , 2748
2748 , 2749
2749 , 2750
2750 , 2747
1644 , 2751
2751 , 2752
2752 , 2753
2753 , 1645
2603 , 444
2496 , 2158
1260 , 1075
1074 , 1421
2754 , 1063
1953 , 2755
2755 , 2754
690 , 2756
2756 , 1435
1434 , 2757
2757 , 691
2758 , 1687
1246 , 2758
2759 , 2760
2760 , 2761
2761 , 1617
1616 , 2762
2762 , 2759
2763 , 1214
1213 , 2764
2764 , 2765
2765 , 2766
2766 , 2763
205 , 2767
2767 , 706
1819 , 206
152 , 2461
2460 , 1977
1976 , 153
2768 , 2769
2769 , 2770
2770 , 2708
2707 , 2768
1517 , 2142
2141 , 775
417 , 2771
2771 , 2772
2772 , 2773
2773 , 2774
2774 , 2775
2775 , 418
1050 , 1993
782 , 43
2776 , 1707
1706 , 2777
2777 , 2778
2778 , 2779
2779 , 2776
2064 , 2780
2780 , 2781
2781 , 133
132 , 2065
128 , 450
449 , 2782
2782 , 2137
1484 , 2783
2783 , 2784
2784 , 2744
2785 , 2786
2786 , 1215
1220 , 2787
2787 , 2788
2788 , 2785
2789 , 673
2519 , 2790
2790 , 1863
1862 , 2789
781 , 1133
2552 , 2791
2791 , 2792
2792 , 2793
2793 , 2632
1317 , 705
704 , 2794
2794 , 2795
2795 , 1318
1089 , 1898
271 , 2796
2796 , 1090
2797 , 2798
2798 , 2799
2799 , 2800
2800 , 2454
2453 , 2797
1193 , 2801
2801 , 2802
2802 , 1300
105 , 2803
2803 , 676
1595 , 106
1212 , 2723
807 , 2764
2804 , 1697
2355 , 2805
2805 , 2804
2325 , 2806
2806 , 1127
1126 , 83
2807 , 2183
2182 , 546
1708 , 2807
2668 , 989
988 , 2808
2808 , 2809
2809 , 2669
1916 , 2810
2810 , 1138
277 , 1917
2811 , 580
579 , 2812
2812 , 1678
1677 , 2811
2031 , 2813
2813 , 2814
2814 , 2815
2815 , 2816
2816 , 2032
1156 , 2817
2817 , 2818
2818 , 2261
2290 , 2671
586 , 182
1743 , 113
112 , 689
2819 , 1164
700 , 2820
2820 , 2819
2405 , 1947
1948 , 2821
2821 , 358
65 , 2822
2822 , 1358
1357 , 2001
2823 , 2067
2066 , 2824
2824 , 1684
1683 , 2823
2099 , 2825
2825 , 2375
2374 , 2826
2826 , 2100
2827 , 1713
1881 , 2828
2828 , 2827
335 , 2829
2829 , 2830
2830 , 2224
1679 , 1544
1543 , 198
2521 , 1680
743 , 2831
2831 , 2832
2832 , 2833
2833 , 744
2197 , 2834
2834 , 2835
2835 , 2836
2836 , 2567
853 , 2837
2837 , 2838
2838 , 2253
2252 , 854
2839 , 2840
2840 , 80
85 , 2841
2841 , 2842
2842 , 2839
1967 , 74
79 , 2843
2843 , 578
2844 , 2845
2845 , 1807
654 , 2844
2775 , 2846
2846 , 2847
2847 , 1080
1072 , 2848
2848 , 1573
1572 , 2849
2849 , 1073
2535 , 2788
2787 , 2850
2850 , 2851
2851 , 2536
2437 , 694
698 , 632
631 , 2438
1452 , 2120
2119 , 2505
2852 , 1583
1582 , 2853
2853 , 1482
1481 , 2852
617 , 2854
2854 , 369
368 , 1838
738 , 208
213 , 2855
2855 , 2319
1737 , 2856
2856 , 1018
1023 , 2857
2857 , 1738
1129 , 2858
2858 , 2394
1172 , 1130
2859 , 606
611 , 2211
2210 , 2859
2860 , 1011
1083 , 2861
2861 , 2860
1633 , 29
28 , 2862
2862 , 2863
2863 , 1634
363 , 861
860 , 2047
2046 , 364
2864 , 2865
2865 , 930
929 , 2866
2866 , 2867
2867 , 2864
2868 , 1176
1175 , 1304
1303 , 2869
2869 , 2868
2870 , 2871
2871 , 2391
2393 , 2872
2872 , 2873
2873 , 2874
2874 , 2870
2875 , 1017
2337 , 2876
2876 , 2877
2877 , 2875
2298 , 2878
2878 , 2879
2879 , 2880
2880 , 2881
2881 , 2299
2882 , 2883
2883 , 1590
1589 , 847
846 , 2882
2187 , 2884
2884 , 2885
2885 , 2886
2886 , 2887
2887 , 2188
2888 , 2321
2320 , 2889
2889 , 1925
1924 , 2888
2890 , 1350
1349 , 2379
2378 , 2891
2891 , 2890
875 , 2892
2892 , 2893
2893 , 2276
2388 , 1197
1202 , 2892
1922 , 2894
2894 , 1915
1918 , 609
387 , 1577
1576 , 2895
2895 , 1698
1631 , 2896
2896 , 2493
1054 , 2078
2083 , 2897
2897 , 2898
2898 , 1055
1168 , 2899
2899 , 2900
2900 , 2901
2901 , 2902
2902 , 1169
1601 , 1171
2868 , 2903
2903 , 1602
2904 , 2905
2905 , 2906
2906 , 1261
1264 , 284
283 , 2904
2538 , 1802
1801 , 593
2537 , 1849
2907 , 2908
2908 , 2909
2909 , 2239
2238 , 2910
2910 , 2907
2560 , 2911
2911 , 1834
712 , 2561
2817 , 528
527 , 2912
2912 , 2818
1691 , 2003
2008 , 2686
2685 , 1692
2543 , 2913
2913 , 1165
1170 , 2914
2914 , 2544
175 , 1920
1554 , 2915
2915 , 176
1962 , 156
161 , 1690
1689 , 1963
2916 , 2917
2917 , 2068
1905 , 2918
2918 , 2916
2919 , 2920
2920 , 191
973 , 2919
1504 , 2742
2741 , 328
327 , 1505
2921 , 896
1142 , 2922
2922 , 2921
313 , 2923
2923 , 2924
2924 , 1490
1489 , 314
2722 , 2925
2925 , 2601
2604 , 968
258 , 1295
1294 , 2926
2926 , 2376
1401 , 2927
2927 , 2928
2928 , 2929
2929 , 2930
2930 , 1402
1699 , 2676
1522 , 2931
2931 , 1700
2932 , 2933
2933 , 1394
1393 , 2934
2934 , 2935
2935 , 2932
2936 , 178
177 , 1736
2711 , 2936
2002 , 2871
2870 , 2937
2937 , 555
2938 , 2939
2939 , 1518
1521 , 2940
2940 , 2941
2941 , 2938
2237 , 2942
2942 , 2943
2943 , 2077
2944 , 2945
2945 , 1103
1102 , 2946
2946 , 14
13 , 2944
2465 , 2947
2947 , 2948
2948 , 2949
2949 , 2564
46 , 2297
2824 , 2950
2950 , 2951
2951 , 2372
2952 , 2953
2953 , 2266
2265 , 2954
2954 , 2952
2955 , 184
183 , 1808
2845 , 2955
2956 , 2957
2957 , 2174
310 , 2958
2958 , 2956
1337 , 1718
2959 , 1627
1626 , 1932
2638 , 2959
1265 , 2960
2960 , 269
2961 , 2962
2962 , 2963
2963 , 2964
2964 , 2654
2653 , 2961
1375 , 2965
2965 , 2966
2966 , 2967
2967 , 2968
2968 , 1376
2382 , 1369
1372 , 2969
2969 , 2006
2929 , 2970
2970 , 2971
2971 , 2972
2972 , 2930
2102 , 2973
2973 , 1649
1652 , 2974
2974 , 2103
1756 , 2975
2975 , 2956
2958 , 2976
2976 , 1757
2745 , 2977
2977 , 2978
2978 , 996
1712 , 2979
2979 , 1203
1208 , 346
764 , 2980
2980 , 2981
2981 , 2114
2718 , 2982
2982 , 2983
2983 , 2984
2984 , 2985
2985 , 2719
2986 , 1848
1847 , 1051
1056 , 2987
2987 , 2986
2735 , 2988
2988 , 2917
2916 , 2989
2989 , 2736
2251 , 2990
2990 , 2991
2991 , 2992
2992 , 602
1515 , 2701
2700 , 40
39 , 1516
2398 , 1042
1041 , 2357
2356 , 2399
2347 , 2993
2993 , 2667
2666 , 2994
2994 , 2348
541 , 2995
2995 , 2996
2996 , 2733
2732 , 542
2359 , 2997
2997 , 1441
1440 , 2998
2998 , 2360
2415 , 2999
2999 , 2864
2867 , 3000
3000 , 2416
2829 , 2613
746 , 3001
3001 , 2830
2822 , 2294
2293 , 3002
3002 , 1359
825 , 3003
3003 , 2629
2628 , 3004
3004 , 826
3005 , 3006
3006 , 789
794 , 1353
1352 , 3005
134 , 1806
3007 , 3008
3008 , 2769
2768 , 3009
3009 , 3007
1385 , 1160
3010 , 403
402 , 3011
3011 , 3012
3012 , 3013
3013 , 3010
2825 , 3014
3014 , 3015
3015 , 255
3016 , 1981
1980 , 446
445 , 3017
3017 , 3016
1950 , 3018
3018 , 1654
1653 , 3019
3019 , 1951
2262 , 3020
3020 , 3021
3021 , 2263
1776 , 3022
3022 , 3023
3023 , 3024
3024 , 3006
3005 , 1777
2985 , 2199
1257 , 2720
230 , 3025
3025 , 703
2858 , 574
573 , 97
761 , 3026
3026 , 3027
3027 , 1726
1725 , 762
3028 , 2918
2786 , 3028
1575 , 3029
3029 , 558
557 , 2895
1557 , 52
55 , 3030
3030 , 859
2494 , 1120
1123 , 3031
3031 , 2495
179 , 2665
2526 , 3032
3032 , 2306
2309 , 3033
3033 , 2527
3034 , 544
543 , 3035
3035 , 2058
2057 , 3034
376 , 2910
2243 , 3036
3036 , 377
485 , 3037
3037 , 3038
3038 , 1343
3039 , 3040
3040 , 386
1972 , 3041
3041 , 3039
2878 , 2220
2568 , 3042
3042 , 2879
147 , 2979
1711 , 148
20 , 2280
2279 , 2504
2503 , 21
1154 , 3043
3043 , 1991
1990 , 3044
3044 , 1155
2127 , 3045
3045 , 3046
3046 , 2855
1219 , 2689
2688 , 2850
1535 , 3047
3047 , 3048
3048 , 1005
1004 , 1536
2512 , 2221
2223 , 523
522 , 2513
3049 , 3050
3050 , 3051
3051 , 274
273 , 3049
1816 , 1253
1252 , 1542
3052 , 331
330 , 1791
2507 , 3052
3053 , 2757
1439 , 991
990 , 3053
2647 , 3054
3054 , 3055
3055 , 3056
3056 , 2425
2424 , 2648
3057 , 354
353 , 1587
1586 , 3057
4 , 3058
3058 , 2025
2024 , 1183
3059 , 265
1798 , 3060
3060 , 3061
3061 , 3059
2862 , 3062
3062 , 2105
2104 , 3063
3063 , 2863
2478 , 1292
719 , 3019
1657 , 3064
3064 , 720
2569 , 2365
2364 , 1347
1346 , 2570
3065 , 2607
2606 , 2245
2244 , 3066
3066 , 3065
695 , 3067
3067 , 1836
1839 , 2362
780 , 2110
2115 , 1134
805 , 3068
3068 , 477
476 , 2697
905 , 3069
3069 , 104
103 , 2323
1223 , 131
2140 , 3070
3070 , 1224
3071 , 1746
1936 , 2591
2590 , 3071
1822 , 3072
3072 , 547
1263 , 3073
3073 , 1919
256 , 2063
1667 , 3074
3074 , 3075
3075 , 257
3076 , 3077
3077 , 3078
3078 , 3079
3079 , 1830
1829 , 3076
1727 , 3080
3080 , 1545
2213 , 1025
1024 , 3081
3081 , 1078
98 , 2657
2656 , 1192
2332 , 3082
3082 , 1867
1872 , 2583
939 , 3083
3083 , 3084
3084 , 1585
2608 , 2692
1109 , 3085
3085 , 2609
1324 , 3086
3086 , 3087
3087 , 2124
2881 , 2983
2982 , 2430
3088 , 3089
3089 , 1716
115 , 3088
3090 , 3091
3091 , 1475
1480 , 2236
2235 , 3090
2419 , 630
635 , 1499
1498 , 2420
2195 , 2981
2980 , 2920
2919 , 2196
1436 , 2891
1179 , 3092
3092 , 511
510 , 2207
2893 , 2269
2272 , 3093
3093 , 2277
1140 , 2412
2411 , 814
813 , 1141
1701 , 63
62 , 1973
2073 , 2921
2922 , 2340
2339 , 2074
1655 , 2839
2842 , 1826
1825 , 1656
2729 , 3094
3094 , 2724
3095 , 3096
3096 , 2000
19 , 3095
2334 , 3097
3097 , 1363
1368 , 3098
3098 , 2335
1635 , 3099
3099 , 3100
3100 , 3101
3101 , 3102
3102 , 1636
2865 , 3103
3103 , 282
2506 , 3104
3104 , 3105
3105 , 22
2923 , 1681
2520 , 2924
3064 , 3106
3106 , 1606
1605 , 721
2588 , 3107
3107 , 3108
3108 , 2350
2721 , 1226
1225 , 3109
3109 , 2525
187 , 3110
3110 , 3111
3111 , 2397
2396 , 188
3112 , 3113
3113 , 2555
1415 , 3112
78 , 2684
1539 , 2843
817 , 2487
146 , 1724
1723 , 1204
1479 , 3114
3114 , 2942
3115 , 3116
3116 , 1747
1750 , 785
784 , 3115
2849 , 3040
3039 , 837
2716 , 3117
3117 , 2481
2486 , 3118
3118 , 2717
370 , 3119
3119 , 1983
1982 , 3120
3120 , 371
768 , 1888
1892 , 3121
3121 , 1779
620 , 2869
1933 , 788
2582 , 3115
783 , 1625
3122 , 864
863 , 3123
3123 , 3124
3124 , 3125
3125 , 3122
2531 , 2354
2353 , 3126
3126 , 2573
1961 , 3127
3127 , 3128
3128 , 157
1767 , 3129
3129 , 1125
1124 , 3130
3130 , 1768
2833 , 1507
1512 , 1969
1968 , 745
3131 , 2662
2661 , 2422
1486 , 3131
3132 , 3133
3133 , 3112
1414 , 3134
3134 , 3132
3135 , 2532
955 , 3136
3136 , 3135
3032 , 3137
3137 , 629
628 , 2307
1354 , 1239
1244 , 638
637 , 1355
2060 , 2216
2215 , 2740
2018 , 3138
3138 , 1613
2075 , 1721
1720 , 3139
3139 , 2598
903 , 3140
3140 , 1622
2959 , 904
439 , 992
2577 , 315
3141 , 3142
3142 , 1323
1322 , 3141
1778 , 3143
3143 , 3062
461 , 3144
3144 , 1639
2770 , 462
616 , 1609
1608 , 3145
3145 , 2854
3138 , 3146
3146 , 3147
3147 , 3148
3148 , 1614
2889 , 3149
3149 , 3150
3150 , 1095
552 , 1974
2887 , 412
3033 , 2271
2270 , 1201
677 , 3151
3151 , 2458
2462 , 678
3152 , 699
1316 , 3152
3153 , 3154
3154 , 871
3096 , 3153
2792 , 3155
3155 , 3156
3156 , 3157
3157 , 3158
3158 , 2793
3159 , 2019
2022 , 2249
2248 , 3159
1418 , 1370
2381 , 1419
3160 , 2861
1086 , 2799
2798 , 3160
193 , 1730
827 , 3161
3161 , 194
2098 , 2738
2313 , 3162
3162 , 1835
909 , 2572
2571 , 109
108 , 910
3163 , 3164
3164 , 897
1465 , 3165
3165 , 3163
1455 , 3166
3166 , 3167
3167 , 1409
1408 , 1456
3015 , 2062
1992 , 2713
2712 , 3168
3168 , 779
862 , 3169
3169 , 2181
2180 , 3123
2851 , 3170
3170 , 1850
951 , 3171
3171 , 2763
2766 , 3172
3172 , 952
2794 , 1878
2592 , 3173
3173 , 2795
395 , 3174
3174 , 2086
2085 , 1546
1709 , 1454
1453 , 3175
3175 , 50
2908 , 2594
1717 , 2909
585 , 1809
922 , 3176
3176 , 3177
3177 , 3178
3178 , 923
2392 , 3179
3179 , 2150
2149 , 2872
1904 , 3180
3180 , 3074
2969 , 1476
3091 , 2007
1954 , 56
61 , 3181
3181 , 1955
3029 , 3182
3182 , 2400
291 , 3152
1315 , 3183
3183 , 292
2885 , 3184
3184 , 3185
3185 , 1938
1937 , 2886
3186 , 3187
3187 , 1994
3182 , 3186
1651 , 1519
2939 , 2974
2705 , 913
918 , 1494
1493 , 2706
1040 , 3188
3188 , 3189
3189 , 2358
2172 , 3190
3190 , 856
2557 , 979
978 , 881
2070 , 2514
521 , 2071
3037 , 2776
2779 , 3191
3191 , 3192
3192 , 3038
1273 , 2989
3028 , 1274
1071 , 2109
2179 , 2848
3193 , 3194
3194 , 2467
2472 , 3024
3023 , 3193
3010 , 3195
3195 , 2013
2625 , 2094
2093 , 3196
3196 , 3197
3197 , 2626
2222 , 1579
1578 , 524
3198 , 2826
2377 , 2096
2095 , 3198
1511 , 2289
3168 , 2330
2204 , 3199
3199 , 1869
1868 , 1022
3111 , 1607
1988 , 1320
1319 , 3200
3200 , 375
11 , 3201
3201 , 3202
3202 , 2709
3203 , 1147
1146 , 1804
1803 , 3204
3204 , 3203
1059 , 3205
3205 , 260
3059 , 1060
2125 , 3206
3206 , 2167
866 , 2126
2739 , 3207
3207 , 2945
2944 , 1268
3180 , 902
2322 , 3075
1805 , 3208
3208 , 2696
2698 , 1000
2968 , 2287
2286 , 473
1043 , 3209
3209 , 189
1422 , 3210
3210 , 2090
2089 , 436
222 , 3211
3211 , 3212
3212 , 2250
1032 , 3213
3213 , 3214
3214 , 2973
565 , 1293
2477 , 566
1856 , 692
3053 , 1857
3003 , 3215
3215 , 3216
3216 , 2630
670 , 2877
2876 , 1643
1312 , 3217
3217 , 3218
3218 , 2894
3219 , 249
248 , 3220
3220 , 767
766 , 3219
2161 , 3221
3221 , 969
1205 , 2343
2342 , 2780
394 , 2148
1427 , 3174
2605 , 3222
3222 , 2145
644 , 2874
2873 , 393
392 , 645
1879 , 3223
3223 , 2489
1065 , 1880
504 , 843
842 , 3224
3224 , 920
2857 , 3082
2331 , 1739
1780 , 2975
2803 , 2640
2639 , 3151
2159 , 3225
3225 , 2911
2559 , 2160
2491 , 1893
1894 , 3214
3213 , 2492
3162 , 1182
3192 , 3226
3226 , 3227
3227 , 1344
2783 , 1377
1382 , 3228
3228 , 3229
3229 , 2784
33 , 2509
2069 , 34
3004 , 2474
2473 , 3161
583 , 3230
3230 , 2345
2349 , 3231
3231 , 584
2566 , 2367
2366 , 2587
2324 , 931
1787 , 2806
158 , 3134
2812 , 1538
3184 , 1734
682 , 3185
2558 , 406
405 , 3221
2361 , 3232
3232 , 1046
300 , 3233
3233 , 1245
1250 , 2977
3234 , 2037
303 , 3235
3235 , 3236
3236 , 3234
972 , 2834
1001 , 475
2434 , 2674
138 , 1565
2242 , 938
1753 , 3036
347 , 2823
1682 , 1882
64 , 3237
3237 , 2291
2072 , 3238
3238 , 891
1749 , 1330
1329 , 3239
3239 , 1674
3229 , 3240
3240 , 1236
3241 , 1500
912 , 2991
2990 , 3241
2853 , 338
343 , 3242
3242 , 1483
2483 , 2904
2439 , 2484
2363 , 367
372 , 1348
2502 , 37
36 , 1754
2602 , 993
366 , 1116
2597 , 2173
1985 , 3243
3243 , 321
320 , 3244
3244 , 1986
2433 , 463
1612 , 1815
3245 , 2937
643 , 3245
2683 , 3246
3246 , 3247
3247 , 3239
3129 , 84
2579 , 1459
1464 , 3248
3248 , 1891
1413 , 2611
2610 , 1457
2846 , 2804
2805 , 3249
3249 , 3250
3250 , 2847
2737 , 3251
3251 , 3035
3252 , 426
1910 , 3253
3253 , 3252
841 , 3254
3254 , 3234
3236 , 3224
3058 , 3255
3255 , 3256
3256 , 3257
3257 , 2026
199 , 1251
1256 , 2715
2714 , 200
1952 , 240
2951 , 1012
2875 , 2373
1451 , 3258
3258 , 3259
3259 , 2121
1371 , 3260
3260 , 3261
3261 , 499
1240 , 793
483 , 3262
3262 , 2023
1702 , 484
3103 , 1561
1640 , 3136
3263 , 1556
1555 , 3264
3264 , 3263
429 , 3265
3265 , 1923
1926 , 3266
3266 , 430
1367 , 3267
3267 , 3268
3268 , 3098
3169 , 207
572 , 2652
2976 , 2576
2575 , 2305
3089 , 2562
732 , 2728
1209 , 2020
2138 , 587
1800 , 2139
2761 , 1299
1298 , 3269
3269 , 1618
1381 , 1965
1964 , 3270
3270 , 3228
2773 , 1190
1694 , 2774
3212 , 3271
3271 , 3241
1650 , 3016
3017 , 1520
2925 , 917
3225 , 3031
1792 , 3272
3272 , 932
2240 , 3273
3273 , 649
648 , 3274
3274 , 2241
2677 , 2614
2619 , 3254
3275 , 3276
3276 , 2469
2468 , 3275
3011 , 3277
3277 , 754
753 , 3278
3278 , 3012
1379 , 3279
3279 , 1941
2497 , 1380
3114 , 73
72 , 3280
3280 , 3281
3281 , 2943
3178 , 3282
3282 , 3283
3283 , 2660
2690 , 1930
2743 , 2691
2928 , 3153
3095 , 2970
1345 , 110
3188 , 1770
1769 , 305
304 , 3189
3223 , 3284
3284 , 1594
1596 , 2490
2233 , 3285
3285 , 2404
2403 , 2170
1407 , 114
119 , 2899
3286 , 2636
2635 , 2464
2463 , 3287
3287 , 3286
911 , 1742
1741 , 2992
2840 , 2508
217 , 3288
3288 , 3289
3289 , 1509
1508 , 218
1852 , 3290
3290 , 2308
3014 , 3266
2202 , 2209
2789 , 3291
3291 , 1249
3061 , 1275
3292 , 1833
1832 , 3211
221 , 3292
2426 , 3293
3293 , 2882
845 , 2427
2312 , 1
1270 , 3294
3294 , 1503
1502 , 2960
2790 , 3295
3295 , 3296
3296 , 3297
3297 , 1864
2030 , 947
946 , 3298
3298 , 3299
3299 , 2813
1306 , 3300
3300 , 1228
1227 , 2595
2450 , 884
2699 , 2672
3048 , 1632
1637 , 2015
1222 , 2940
329 , 3301
3301 , 3272
1844 , 1491
137 , 2950
3106 , 1824
365 , 3238
2734 , 1443
35 , 2988
2407 , 2475
2530 , 3249
2986 , 3222
3100 , 834
3073 , 3101
1865 , 2748
93 , 1866
3060 , 2153
2152 , 1276
3255 , 3085
1759 , 3256
763 , 192
3302 , 2055
2054 , 1009
1008 , 3303
3303 , 3304
3304 , 3302
2327 , 3305
3305 , 2448
2447 , 3306
3306 , 2328
2852 , 2678
2254 , 1048
1047 , 540
539 , 2255
3094 , 1069
1068 , 1031
228 , 3307
3307 , 1855
1860 , 3308
3308 , 229
1760 , 2797
666 , 1526
1531 , 2658
1243 , 2585
2584 , 639
549 , 3166
3309 , 3102
1262 , 3309
2915 , 2856
2616 , 2828
2679 , 2617
1269 , 2565
1429 , 3294
3109 , 3310
3310 , 3137
1462 , 575
2811 , 3311
3311 , 1463
1092 , 3312
3312 , 3072
2390 , 482
3240 , 1460
2212 , 2226
2229 , 1026
1619 , 3313
3313 , 3284
603 , 3071
2589 , 1384
1351 , 3143
1551 , 3041
1975 , 3314
3314 , 1552
3273 , 1719
3119 , 3315
3315 , 664
663 , 1984
2395 , 3316
3316 , 1305
2383 , 1675
190 , 3317
3317 , 2384
1710 , 2401
3315 , 3145
1611 , 665
1966 , 2500
2499 , 75
2651 , 3318
3318 , 2819
2820 , 290
3274 , 3083
3090 , 2687
3065 , 3258
3319 , 3320
3320 , 3264
3190 , 3319
2880 , 516
515 , 2984
3158 , 3321
3321 , 2633
3126 , 1420
2682 , 2036
2035 , 2618
2511 , 623
1145 , 3322
3322 , 3208
3140 , 1903
1178 , 2402
355 , 3092
2501 , 3323
3323 , 1989
3231 , 3324
3324 , 1810
687 , 2387
1233 , 247
3325 , 2329
3306 , 164
163 , 3325
2059 , 1271
2431 , 1186
1185 , 3326
3326 , 1398
2926 , 3327
3327 , 2097
2432 , 3328
3328 , 3329
3329 , 464
3302 , 2659
855 , 3330
3330 , 2459
404 , 970
3047 , 24
1131 , 1600
1599 , 3331
3331 , 3130
2449 , 3323
2234 , 615
3318 , 1785
3206 , 2166
2165 , 2230
3079 , 3332
3332 , 3333
3333 , 3334
3334 , 1831
490 , 2938
2941 , 2283
360 , 2581
3335 , 3132
3128 , 3335
3220 , 2578
977 , 3336
3336 , 3337
3337 , 2835
3332 , 2421
1497 , 3333
1049 , 3044
2998 , 2996
2995 , 3232
824 , 2084
2088 , 3215
3063 , 3338
3338 , 3099
3046 , 3149
2704 , 1859
1858 , 914
2164 , 3339
3339 , 2807
548 , 2009
2014 , 3167
2836 , 3340
3340 , 3341
3341 , 3042
1085 , 3342
3342 , 3343
3343 , 2800
2841 , 1766
1765 , 1827
3344 , 3345
3345 , 1781
1786 , 797
796 , 3344
2470 , 3346
3346 , 2171
790 , 2471
2091 , 3081
1279 , 2092
3176 , 3347
3347 , 2747
2750 , 3177
3307 , 1935
1940 , 413
3187 , 640
3108 , 3348
3348 , 2963
2962 , 2351
3349 , 3350
3350 , 1501
1506 , 2129
2128 , 3349
334 , 3351
3351 , 2612
2586 , 3139
1722 , 2338
2310 , 2623
1387 , 2311
2258 , 3352
3352 , 2897
1064 , 1900
3207 , 1593
2371 , 3353
3353 , 3107
3291 , 3354
3354 , 2978
1079 , 3210
3314 , 2203
1019 , 1553
2352 , 143
88 , 2898
3352 , 3355
3355 , 89
816 , 3356
3356 , 2488
1773 , 3357
3357 , 1366
219 , 2832
2831 , 2317
359 , 3116
1688 , 2702
3285 , 723
2228 , 2414
2413 , 1027
3358 , 1458
724 , 3358
2746 , 3359
3359 , 3360
3360 , 3235
3308 , 1874
1873 , 3025
962 , 3009
3330 , 2730
3361 , 3362
3362 , 865
2206 , 3361
453 , 2476
2406 , 454
2936 , 285
3360 , 921
3363 , 2755
1956 , 3364
3364 , 3363
3150 , 3361
2205 , 1096
1390 , 3365
3365 , 2693
3021 , 3366
3366 , 3355
1647 , 3367
3367 , 3295
452 , 976
1748 , 2821
3368 , 1468
470 , 3368
518 , 1309
1921 , 2539
3369 , 3370
3370 , 2650
2649 , 2725
707 , 3369
3338 , 1070
3326 , 3371
3371 , 3372
3372 , 2934
2620 , 3243
2442 , 2548
2547 , 2485
3008 , 3373
3373 , 457
2949 , 3374
3374 , 216
2816 , 3375
3375 , 3068
3353 , 3050
3049 , 3348
270 , 3350
3349 , 3376
3376 , 2796
71 , 2318
2888 , 3280
3120 , 2380
3118 , 2079
3247 , 3110
3144 , 3135
3270 , 1461
3375 , 3377
3377 , 1771
3186 , 3378
3378 , 2178
986 , 3379
3379 , 3193
3022 , 987
3205 , 3257
3331 , 306
3380 , 3253
2953 , 3380
2994 , 3381
3381 , 3324
3237 , 2931
1525 , 2292
3304 , 3365
87 , 2987
2966 , 948
2029 , 2967
2777 , 3363
3364 , 3382
3382 , 2778
3383 , 2954
2264 , 3078
3077 , 3383
3131 , 3002
18 , 2971
3001 , 1470
1469 , 2225
594 , 3301
3341 , 517
3313 , 107
1301 , 2948
2947 , 1302
487 , 810
3142 , 3122
3125 , 3384
3384 , 3086
2542 , 3385
3385 , 3386
3386 , 3387
3387 , 1959
2231 , 3175
3358 , 2232
3354 , 1861
102 , 3269
341 , 2664
3279 , 342
3170 , 244
3219 , 1851
326 , 2130
383 , 2759
2762 , 3388
3388 , 1084
3342 , 533
1899 , 3389
3389 , 3343
3034 , 3390
3390 , 2256
1400 , 2218
415 , 2927
3391 , 3369
2767 , 3391
2675 , 3097
1615 , 1254
2053 , 3198
2550 , 3392
3392 , 3181
1788 , 2961
2896 , 3244
1150 , 2827
2615 , 1151
3159 , 1797
2017 , 2906
2905 , 3146
2694 , 3303
2860 , 2695
3117 , 3393
3393 , 3148
3147 , 2482
2912 , 2933
2932 , 3020
2336 , 2751
2042 , 3066
2247 , 3394
3394 , 2043
1485 , 1360
1221 , 2284
2884 , 3395
3395 , 1731
2754 , 1705
2106 , 1356
569 , 1128
3070 , 3396
3396 , 3310
3397 , 1693
3067 , 3397
2643 , 3230
3398 , 3399
3399 , 3400
3400 , 2883
3293 , 3398
3400 , 3401
3401 , 3402
3402 , 1591
2902 , 3403
3403 , 3404
3404 , 2914
70 , 3405
3405 , 735
3359 , 3347
3406 , 456
455 , 1139
2810 , 3406
3045 , 3362
3386 , 618
2510 , 3387
3346 , 3319
2574 , 2190
2189 , 958
3080 , 646
3290 , 765
3259 , 2041
2040 , 3407
3407 , 2122
3276 , 3320
3339 , 3124
2136 , 3408
3408 , 3409
3409 , 965
1282 , 3410
3410 , 3196
2859 , 2540
3052 , 3411
3411 , 2131
437 , 2624
2186 , 812
811 , 3395
2710 , 2440
3412 , 3413
3413 , 1289
564 , 3412
1426 , 2087
3305 , 983
1510 , 2670
16 , 3414
3414 , 2368
3393 , 1255
3154 , 414
2655 , 3415
3415 , 2801
945 , 3416
3416 , 3417
3417 , 3298
2389 , 3262
2782 , 2214
3277 , 3411
2455 , 3165
3368 , 2456
1987 , 1630
3396 , 1799
2596 , 3351
3397 , 2436
3030 , 3418
3418 , 2048
3250 , 459
458 , 1081
610 , 2227
2999 , 1562
3283 , 2423
2429 , 2726
1811 , 3419
3419 , 3328
2498 , 2844
1574 , 3378
3018 , 3278
3334 , 3271
1664 , 2208
3374 , 3420
3420 , 3288
3421 , 3422
3422 , 736
3405 , 3421
3423 , 776
294 , 3423
1782 , 567
980 , 3183
2756 , 3424
3424 , 2890
2135 , 3425
3425 , 3408
3195 , 1410
451 , 3426
3426 , 3336
3418 , 3163
821 , 2785
1871 , 3026
2765 , 2185
233 , 3172
3322 , 3427
3427 , 2285
2634 , 3260
3251 , 1272
460 , 2529
3376 , 2534
2533 , 1091
2965 , 253
3329 , 1537
3084 , 2446
2445 , 3057
3428 , 225
3413 , 3428
2815 , 3429
3429 , 3377
2257 , 2731
3389 , 731
407 , 1404
2913 , 408
2758 , 2680
3424 , 111
3404 , 3430
3430 , 3431
3431 , 2545
2418 , 3432
3432 , 1280
3179 , 1488
497 , 2151
2163 , 3384
3218 , 3406
3242 , 1378
3433 , 3434
3434 , 800
2516 , 3433
2703 , 3427
2541 , 1603
2903 , 3435
3435 , 3385
409 , 1762
309 , 2997
2809 , 25
2194 , 3436
3436 , 2301
3233 , 2681
2727 , 1895
3202 , 3437
3437 , 2134
3281 , 3265
2428 , 1896
534 , 3388
2637 , 3069
3438 , 3104
2118 , 3438
3419 , 3439
3439 , 1532
3312 , 2010
3327 , 2760
2441 , 3043
3372 , 318
317 , 2935
3435 , 619
2021 , 3171
3309 , 2016
3440 , 568
3345 , 3440
2838 , 3209
1447 , 2217
1399 , 1448
737 , 3441
3441 , 1321
3087 , 2162
2052 , 2101
3286 , 3316
3289 , 2641
953 , 3442
3442 , 1446
3203 , 2341
3160 , 1112
2370 , 3051
1405 , 2563
3088 , 1406
3373 , 1082
3371 , 2772
2771 , 319
1949 , 3013
2443 , 2546
3431 , 351
350 , 2444
2176 , 3311
1676 , 2177
3056 , 3443
3443 , 3398
1775 , 2808
3227 , 3444
3444 , 3445
3445 , 118
3366 , 3446
3446 , 90
2580 , 250
3317 , 2837
3300 , 3287
3248 , 2175
2957 , 3121
3245 , 3199
3447 , 3173
2907 , 3447
3390 , 1106
3442 , 232
3217 , 3426
3439 , 3381
3027 , 647
3093 , 2304
2303 , 2278
3340 , 1310
1403 , 3448
3448 , 1449
642 , 1870
2955 , 1944
1604 , 3246
54 , 3164
3268 , 2752
3204 , 2781
2993 , 1887
3200 , 3447
1311 , 3337
2033 , 3449
3449 , 2673
3105 , 3450
3450 , 23
2410 , 815
3156 , 3451
3451 , 3452
3452 , 3453
3453 , 3157
272 , 2964
276 , 3415
3445 , 3454
3454 , 2900